ID	adjudicated	Labels	text
1	adjudicated	1	ordinary people A little advice about feelings kiddo; don't expect it always to tickle.
2	adjudicated	1	the man who knew too much Tell him the lady who saved his life wants to speak to him.
3	adjudicated	4	the world is not enough Flawless, and still so innocent, not such a whore in bed...
4	adjudicated	4	death to smoochy I love when you do the Jiggy Ziggy dance!
5	adjudicated	3	rear window Why don't I slip into something comfortable?
6	adjudicated	4	punch-drunk love Do you wanna have sex?
7	adjudicated	5	a nightmare on elm street I knew there was something about you I liked...
8	adjudicated	0	twelve monkeys You are a total nutcase, completely deranged, delusional, paranoid. Your thought process is all fucked up. Your information train is jammed, man!
9	adjudicated	0	twelve monkeys You had a bullet from World War I in your leg, James! How did it get there?
10	adjudicated	3	twilight No one will surrender tonight, but I won't give in. I know what I want.
11	adjudicated	2	twilight You know, your mood swings are kinda giving me whiplash.
12	adjudicated	2	twilight Look at you, huh?... You're ALIVE!
13	adjudicated	2	twilight Oh, still stubborn, aren't we? Is that what makes you so special to Edward?
14	adjudicated	3	twilight I'd rather die than to stay away from you.
15	adjudicated	0	twilight Whoa whoa! Chillax! No feature!
16	adjudicated	2	twilight Beautiful. Very visually dynamic. I chose my stage well.
17	adjudicated	1	twilight Ah... you brought a snack.
18	adjudicated	0	twilight Maybe he'll adopt me.
19	adjudicated	0	twilight Edward, stop. Her blood is clean. You're killing her. Stop. Find the will.
20	adjudicated	2	twin peaks She's my cousin... but doesn't she look almost exactly like Laura Palmer?
21	adjudicated	3	twin peaks Wow, Bob, Wow. Fire walk with me.
22	adjudicated	4	twin peaks You know, there's only one problem with you: you're perfect.
23	adjudicated	1	twin peaks: fire walk with me If I had a nickel for every cigarette your mom smoked, I'd be dead.
24	adjudicated	0	twin peaks: fire walk with me When this kind of fire starts, it is very hard to put out. The tender boughs of innocence burn first, and the wind rises, and then all goodness is in jeopardy.
25	adjudicated	0	twin peaks: fire walk with me Now, her name *is* Irene and it *is* night. Don't take it any further than that. There's nothin' good about it.
26	adjudicated	3	twin peaks: fire walk with me Hey, slow pokes... Guess what? There's no tomorrow... Know why, baby? 'Cause it'll never get here.
27	adjudicated	0	twin peaks: fire walk with me It was a dream! We live inside a dream!
28	adjudicated	2	twins If you're lying to me, I'll be back!
29	adjudicated	0	two for the money Oh man... You better hold on to the coin you flipped. Because this game keeps up like this, I'm going to have to borrow it.
30	adjudicated	4	u turn You've been a bad girl, Grace!
31	adjudicated	1	u turn Your lies are old but you tell them pretty good.
32	adjudicated	5	u turn Bye, Mister. Don't go nowhere without me. I wanna have your love child.
33	adjudicated	2	u turn Come here. You know what I wanna do? I wanna hang drapes...
34	adjudicated	5	u turn I bet right now, you don't know if you want to kill me... or fuck me.
35	adjudicated	4	u turn And here I made you all hot and sweaty...
36	adjudicated	1	u turn Now you can fuckin' take it, or you can fuckin' leave it.
37	adjudicated	2	unbreakable They say this one has a surprise ending.
38	adjudicated	2	unbreakable This is an art gallery, my friend, and this is a piece of art.
39	adjudicated	2	unbreakable You'd better not be back there jacking off to the Japanese comics, I swear to God...
40	adjudicated	1	under fire I like you people, but you are sentimental shits! You fall in love with the poets; the poets fall in love with the Marxists; the Marxists fall in love with themselves. The country falls in love with the rhetoric, and in the end we are stuck with tyrants.
41	adjudicated	1	unforgiven You know how women lie.
42	adjudicated	4	up I was hiding under your porch because I love you.
43	adjudicated	4	up in the air This is pretty fucking sexy.
44	adjudicated	3	up in the air You're so pretty. You're exactly what I want to look like in fifteen years.
45	adjudicated	0	up in the air Please, for the love of God, can I fire the next one.
46	adjudicated	2	v for vendetta Tell me... do you like music, Mr. Finch?
47	adjudicated	0	v for vendetta England prevails because *I* say it does!
48	adjudicated	0	v for vendetta It seems strange that my life should end in such a terrible place, but for three years I had roses, and apologized to no one.
49	adjudicated	1	vanilla sky Don't you know that when you sleep with someone, your body makes a promise whether you do or not.
50	adjudicated	0	vanilla sky You'll be meeting Rebecca Dearborn, my personal role model.
51	adjudicated	0	vanilla sky I'll tell you in another life, when we are both cats.
52	adjudicated	2	vanilla sky Forgive me, I'm blowing your mind.
53	adjudicated	4	vanilla sky Do you love me? I mean really love me. Because if you don't... I'll just have to kill you.
54	adjudicated	4	vanilla sky Don't ever say that word. I will never come over and bring you chicken soup and fuck your brains out again.
55	adjudicated	0	vanilla sky I think she's the saddest girl to ever to hold a martini.
56	adjudicated	0	vanilla sky The little things... there's nothing bigger, is there?
57	adjudicated	2	vanilla sky Julie Gianni is your fuck buddy?
58	adjudicated	2	vanilla sky Four times... it means something, David.
59	adjudicated	1	vanilla sky I good you bid evening.
60	adjudicated	0	vertigo Only one is a wanderer; two together are always going somewhere.
61	adjudicated	2	vertigo Give me your hand. Give me your hand.
62	adjudicated	2	village You are fearless in a way that I shall never know.
63	adjudicated	0	village My sister has found love... again.
64	adjudicated	4	village Good afternoon, Lucius. I wanted to... tell you something.  I love you, Lucius. I love you... like the day is long! I love you more than the sun and the moon together. And if you feel the same way, then we should not hide it any longer.  It's a gift, love is! We should be thankful! We should bellow it out with all the breath in our lungs! Thank you! Thank you!  THANK YOU!
65	adjudicated	1	village I know why you denied my sister. When I was younger, you used to hold my arm when I walked. Then suddenly you stopped. One day, I even tripped in your presence and nearly fell. I was faking, of course, but still you did not hold me. Sometimes we don't do things we want to do so that others will not know we want to do them.
66	adjudicated	1	walking tall You know what my new favorite sound is going to be? The sound of you screaming like a bitch!
67	adjudicated	3	walking tall I guess that changes our relationship a bit, huh?
68	adjudicated	3	war of the worlds You keep your eyes only on me, you understand? Don't look down. Don't look around me. I'm taking you to the car and you're gonna want to look around... but you're not going to, are you?
69	adjudicated	1	war of the worlds You and me? I don't think we're on the same page.
70	adjudicated	1	warm springs You're gonna do great things, Franklin. This place has identity now, a purpose.
71	adjudicated	1	watchmen Just a matter of time, I suppose.
72	adjudicated	2	waxwork Would you like a closer look?
73	adjudicated	0	waxwork Steak tartar? Ah, yes. Steak tartar.
74	adjudicated	1	waxwork Raw meat. You do like raw meat?
75	adjudicated	3	white christmas You didn't expect me to come down in my bathrobe, did you?
76	adjudicated	2	white squall I think I'm gonna choke on feel good.
77	adjudicated	4	who framed roger rabbit Roger, darling. I want you to know I love you. I've loved you more than any woman's ever loved a rabbit.
78	adjudicated	3	who framed roger rabbit Is he always this funny, or only on days when he's wanted for murder?
79	adjudicated	1	who framed roger rabbit Dabbling in watercolors, Eddie?
80	adjudicated	0	who framed roger rabbit Keep it up, Eddie. You're killing 'em. You're slaying 'em! You're knocking 'em DEAD!
81	adjudicated	3	wild at heart Those toenails dry yet, sweetheart? We got some dancin' to do.
82	adjudicated	4	wild at heart Ya know, I sure do like a girl with nice tits like yours who talks tough and looks like she can fuck like a bunny. Do you fuck like that? Cause if ya do, I'll fuck ya good. Like a big ol' jackrabbit bunny, jump all around that hole. Bobby Peru don't come up for air.
83	adjudicated	2	wild at heart That ain't never will happen, baby. Least not in our lifetime.
84	adjudicated	3	wild things Can I play too? Or is it just for boys?
85	adjudicated	1	wild things So you're the new chicken licker.
86	adjudicated	0	wild things No little bitch could ever make me cum.
87	adjudicated	1	wild wild west Never drum on a white lady's boobies at a big redneck dance. Got it.
88	adjudicated	2	witness What you take into your hand, you take into your heart.
89	adjudicated	1	you can count on me You know, if I were you, I'd be a little nervous about firing somebody I'd just had an affair with, okay?
90	adjudicated	0	you can count on me Yeah, this is the haute cuisine of garments.
91	adjudicated	1	you've got mail I always take a relationship to the next level. If that works out, I take it to the next level after that, until I finally reach that level when it becomes absolutely necessary for me to leave.
92	adjudicated	4	you've got mail Kiss me, I'm going to be your wicked step mother.
93	adjudicated	1	you've got mail I like Patricia. I *love* Patricia. Patricia makes COFFEE nervous.
94	adjudicated	2	you've got mail Oh, no, she's beautiful, but she's a pill.
95	adjudicated	1	you've got mail Kevin, this is possibly the most adorable creature I've ever been in contact with, and if she turns out to be as good looking as a mailbox... I would be crazy enough to turn my life upside down and marry her.
96	adjudicated	1	zerophilia You're gonna' have a great time with her tonight. Just be yourself... mostly.
97	adjudicated	2	wild things I think we just need to get wasted.
98	adjudicated	0	u turn Women say they don't want to be taken like, really taken -- that's bullshit -- they do.
99	adjudicated	2	u turn Well, he offered, and I just couldn't refuse.
100	adjudicated	0	heavy metal She's sleeping, but only I can awaken her.
101	adjudicated	1	psycho Look, this isn't much, but it might make you feel a little better.
102	adjudicated	3	pitch black Well, guess if it was trickeration he'd just do me, huh?
103	adjudicated	1	pitch black Okay, maybe that's a good thing.
104	adjudicated	1	get shorty I need you to do me a favor.
105	adjudicated	4	four rooms You look so much more attractive when you're self- assured.
106	adjudicated	3	four rooms You always gotta get the last word, don't you?
107	adjudicated	1	lord of the rings the two towers I would stay still, if I were you.
108	adjudicated	0	jay and silent bob strike back Well what are you waiting for, bitch?
109	adjudicated	1	interview with the vampire: the vampire chronicles Do what you want with it.
110	adjudicated	2	10 things i hate about you You don't strike me as the type that would ask permission.
111	adjudicated	1	10 things i hate about you I'd like to call your attention to Patrick Verona's stunning bad-ass look of 1995 ---
112	adjudicated	0	the wizard of oz She brings you good news.
113	adjudicated	1	basic instinct I went over to your place.
114	adjudicated	3	austin powers: international man of mystery Listen, Vanessa, I'm a swinger... That's what I do, I swing.
115	adjudicated	0	a nightmare on elm street: the dream child In the dream, she was standing in a room.
116	adjudicated	2	american pie I do like your dirty magazines.
117	adjudicated	4	american pie You mean like, strip strip?
118	adjudicated	2	kids Suck my dick, Suck my dick.
119	adjudicated	3	titanic Hello girls, I was hoping I'd catch you at tea.
120	adjudicated	3	mumford It's nice to meet you, Mrs. Cook.
121	adjudicated	2	eternal sunshine of the spotless mind See, I wouldn't think that about you.
122	adjudicated	3	the man who wasn't there ...What kind of man are you?
123	adjudicated	4	the wedding date Or mmm--  Gorgeous, I was insane to let you go!
124	adjudicated	3	the wedding date I hear that make-up sex is the best kind.
125	adjudicated	5	casablanca But what a fool I am talking to a beautiful woman about another man.
126	adjudicated	1	bachelor party Where's the women, man?
127	adjudicated	2	romeo & juliet That may be, sir, when I may be a wife.
128	adjudicated	1	romeo & juliet Shall I be married then tomorrow morning?
129	adjudicated	2	get carter Keep your pants on.
130	adjudicated	3	get carter I bet you could use a drink, could you, Eric?
131	adjudicated	4	bringing out the dead I make her wait and it drives her crazy.
132	adjudicated	1	twilight That was the first night I dreamed of Edward Cullen.. .
133	adjudicated	2	twilight Nice house you have here.
134	adjudicated	0	twilight We left you a message.
135	adjudicated	1	star trek iii: the search for spock I know this will come as a pleasant surprise for you...
136	adjudicated	1	pulp fiction Now I'm gonna take a wild guess here: you're Brett, right?
137	adjudicated	1	a hard day's night Ever seen one of these before?
138	adjudicated	0	fantastic mr fox Why'd you have to get us into this, Foxy?
139	adjudicated	3	spanglish You know, I always think about when you...Oh, there's no point.
140	adjudicated	3	being john malkovich I'm sure he's a better lover than I ever was.
141	adjudicated	1	being john malkovich I moved his arm across your girlfriend's glorious tit.
142	adjudicated	3	being john malkovich This is my type of chick.
143	adjudicated	2	the three musketeers However, if you would like to entertain me with a story, I'm eager to hear it.
144	adjudicated	0	american gangster I want to know everyone you've met for the last twenty years.
145	adjudicated	2	twin peaks Was I wearing something of yours and you got mad at me?
146	adjudicated	0	the american president Sydney, seldom does a day go by that I'm not burned in effigy.
147	adjudicated	1	the american president You know, I'm a little nervous.
148	adjudicated	1	sideways You drop this bombshell on me.
149	adjudicated	3	sideways These girls want to party.
150	adjudicated	2	sideways Oh, just that he loves her.
151	adjudicated	4	le grand bleu Come on, suck your finger, you'll be seeing mermaids everywhere!
152	adjudicated	1	thirteen days Feels good to win, doesn't it?
153	adjudicated	0	suburbia It's an honest question.
154	adjudicated	3	the shining Come and play with us.
155	adjudicated	1	shrek Oh, that is so sweet.
156	adjudicated	1	shrek I believe it's healthy to get to know someone over a long period of time.
157	adjudicated	2	yes man Will you do it for me Carl?
158	adjudicated	3	blood simple So, uh... this wouldn't interest you.
159	adjudicated	3	sweet smell of success My curiosity is killing me; what are you so rambunctious about tonight?
160	adjudicated	3	sweet smell of success I'm feeling too good to fight with you, but that isn't what I said - I said you snoop.
161	adjudicated	2	donnie darko Hey, Cherita... want a cigarette?
162	adjudicated	4	shakespeare in love Will you read it for me?
163	adjudicated	2	true believer So what've you been up to since then?
164	adjudicated	3	blue velvet You can kiss them if you want.
165	adjudicated	4	almost famous And I'm still in love with you Leslie.
166	adjudicated	5	true romance I like you, Clarence. Always have. Always will.
167	adjudicated	0	true romance I mean look at her. It looks like she fell off the ugly tree and hit every branch on the way down.
168	adjudicated	4	true romance I eat the pussy, I eat the butt, I eat every motherfuckin' thang.
169	adjudicated	1	true lies What can I say? I'm a spy.
170	adjudicated	0	true lies So far, this is not blowing my skirt up, gentlemen.
171	adjudicated	5	trouble in paradise Darling, remember, you are Gaston Monescu. You are a crook. I want you as a crook. I love you as a crook. I worship you as a crook. Steal, swindle, rob. Oh, but don't become one of those useless, good-for-nothing gigolos.
172	adjudicated	3	transformers the movie I would have waited an eternity for this. It's over, Prime.
173	adjudicated	2	transformers the movie Why settle for a peek, Daniel, when you can see everything from "Lookout Mountain"?
174	adjudicated	2	titanic You gonna cut her meat for her too there, Cal?
175	adjudicated	4	titanic I'll never let go, Jack. I promise.
176	adjudicated	3	titanic You shine up like a new penny.
177	adjudicated	5	titanic What? Do you think a first class girl can't drink?
178	adjudicated	4	titanic So, you wanna go to a real party?
179	adjudicated	1	tin cup Why do men always insist on measuring their dicks?
180	adjudicated	1	tin cup Oh, you amuse me, Roy, but I'm the only woman in America born after World War II that thinks astrology's a crock of shit.
181	adjudicated	5	tin cup Does my inner child need a spanking?
182	adjudicated	4	thx 1138 Everything will be all right. You are in my hands. I am here to protect you. You have nowhere to go. You have nowhere to go.
183	adjudicated	2	thunderheart Come on up and watch TV.
184	adjudicated	1	this boy's life Why, I'm so scared, I'm so scared, I'm so scared, wo-o-o!
185	adjudicated	0	this boy's life Here I am, you lucky people!
186	adjudicated	1	there's something about mary I couldn't believe that she knew my name. Some of my best friends didn't know my name.
187	adjudicated	3	there's something about mary We agreed I wouldn't fuck you, and you wouldn't fuck me until we got this fuck  outta the fuckin' picture!
188	adjudicated	1	thelma & louise If she calls, just be gentle, you know? Like you're really happy to hear from her. Like you miss her. Women love that shit.
189	adjudicated	3	thelma & louise Louise, no matter what happens, I'm glad I came with you.
190	adjudicated	3	Anchorman I don't know how to put this, but... I'm kind of a big deal.
191	adjudicated	4	As Good As It Gets You make me want to be a better man.
192	adjudicated	5	A Beautiful Mind I don't exactly know what I am required to say in order for you to have intercourse with me. But could we assume that I said all that? I mean, essentially we are talking about fluid exchange, right? So could we just go straight to the sex?
193	adjudicated	2	Internal Affairs That's a nice dress â€” where's the rest of it?
194	adjudicated	5	The Sure Thing   How would you like to have a sexual encounter so intense, it could conceivably change your political views?
195	adjudicated	5	Intolerable Cruelty Your husband had told me you were the most beautiful woman he'd ever met. I didn't expect the most beautiful woman I'd ever met.
196	adjudicated	4	the last boy scout She's hot, Joe. She rates a three on my finger scale. That means I'd cut off three of my fingers if God would let me fuck her.
197	adjudicated	4	up in the air This is pretty fucking sexy.
198	adjudicated	0	the big lebowski That's right, Dude, they peed on your fucking rug.
199	adjudicated	2	the big lebowski Walter, I love you, but sooner or later, you're going to have to face the fact you're a goddamn moron.
200	adjudicated	4	the apartment Ya know, I used to live like Robinson Crusoe; I mean, shipwrecked among 8 million people. And then one day I saw a footprint in the sand, and there you were.
201	adjudicated	1	the adventures of ford fairlane Clint Eastwood... I fucked 'im.
202	adjudicated	5	terminator I came across time for you, Sarah. I love you. I always have.
203	adjudicated	2	terminator Guard it for me, big buns.
204	adjudicated	1	taxi driver I first saw her at Palantine Campaign headquarters at 63rd and Broadway. She was wearing a white dress. She appeared like an angel. Out of this filthy mess, she is alone. They... cannot... touch... her.
205	adjudicated	1	synecdoche, new york I know how to do the play now. It will all take place over the course of one day. And that day will be the day before you died. That day was the happiest day of my life. Then I'll be able to live it forever. See you soon.
206	adjudicated	5	synecdoche, new york Hazel, you've been a part of me forever. Don't you know that? I breathe your name in every exhalation.
207	adjudicated	0	swingers They went with someone who had more theme-park experience.
208	adjudicated	0	superbad Calm down, calm down. She likes you. She wants to suck on your penis. That's a good thing. It's the best.
209	adjudicated	1	sugar & spice Jack Bartlett. Jack Bartlett! Jack Bartlett. Is Jack Bartlett interested in me?
210	adjudicated	2	south park Ow! That Hurt, you butt licker!
211	adjudicated	2	something's gotta give Harry, your heart attack could be the best thing that's ever happened to me!
212	adjudicated	4	something's gotta give Erica, you are a woman to love.
213	adjudicated	3	someone to watch over me Let me watch over you tonight.
214	adjudicated	2	so i married an axe murderer Lighten up, Charlie. You've got a pickle up your ass again.
215	adjudicated	0	sling blade Yes, ma'am. I've killed Doyle Hargraves with a lawnmower blade. Yes, ma'am, I'm right sure of it. I hit him two good whacks in the head with it. That second one just plum near cut his head in two... It's a lil' ol' white house on the corner of Vine Street and some other street. There's a pick-up truck out front that says "Doyle Hargraves Construction" on it. Doyle said besides sending the police, you might wanna send an ambulance or a "hearst". I'll be sitting here, waiting on ye.
216	adjudicated	4	sleepless in seattle Sam... It's nice to meet you.
217	adjudicated	5	scarface You're good-looking. You got a beautiful body, beautiful legs, beautiful face, all these guys in love with you. Only you've got a look in your eye like you haven't been fucked in a year.
218	adjudicated	5	shakespeare in love I love you, Will, beyond poetry.
219	adjudicated	3	sex, lies and videotape You never used to say the word "fucking."
220	adjudicated	0	sex, lies and videotape I think that um... I think that sex is overrated. I think that people place far too much importance on it, and I think that stuff about women wantin' it just as bad as men is crap. I mean I think that women want it, I just don't think that they want it for the same reason that men think they do.
221	adjudicated	5	sex, lies and videotape You know, I'd like to do it at your house sometime. I must admit, the idea of doing it in my sister's bed gives me a perverse thrill.
222	adjudicated	2	sense and sensibility He is the kindest and best of men.
223	adjudicated	1	rushmore Tell that stupid Mick he just made my list of things to do today.
224	adjudicated	3	rush hour 2 I'm gonna pretend you a man. A very beautiful man with a great body that I'd like to take to the movies.
225	adjudicated	4	runaway bride Look, I guarantee there'll be tough times. I guarantee that at some point, one or both of us is gonna want to get out of this thing. But I also guarantee that if I don't ask you to be mine, I'll regret it for the rest of my life, because I know, in my heart, you're the only one for me.
226	adjudicated	3	romeo & juliet A pretty piece of flesh I am!
227	adjudicated	3	romeo & juliet Romeo, thou art a villain.
228	adjudicated	2	romeo & juliet My only love sprung from my only hate! Too early seen unknown, and known too late! Prodigious birth of love it is to me that I must love a loathed enemy.
229	adjudicated	4	romeo & juliet You kiss by the book.
230	adjudicated	4	rocky I wanna kiss ya-ya don't have to kiss me back if ya don't feel like it.
231	adjudicated	5	revolutionary road Frank Wheeler, I think you're the most interesting person I've ever met.
232	adjudicated	1	remember me He's in love with you. I've only ever seen him look at one other girl the way he looks at you, and she's a lot shorter and shares his DNA.
233	adjudicated	2	rear window Well, if there's one thing I know, it's how to wear the proper clothes.
234	adjudicated	4	rear window I can hear you now: "Get out of my life, you wonderful woman. You're too good for me."
235	adjudicated	3	raising arizona I"m in here on my knees, Ed, a free man proposing. Howdy, Kurt.
236	adjudicated	0	raging bull Shut up. You just shut up. I'll fucking take care of you later.
237	adjudicated	5	quills You've already stolen my heart... as well as another more prominent organ, south of the Equator.
238	adjudicated	2	quills Your terrible secret revealed, you're a man after all.
239	adjudicated	5	purple rain Your lips would make a lollipop too happy.
240	adjudicated	3	pretty woman Fifty bucks, Grandpa. For seventy-five, the wife can watch.
241	adjudicated	5	point break I know Johnny. I know you want me so bad it's like acid in your mouth. But, not this time.
242	adjudicated	0	point break ...last time you had a feeling I had to kill a guy, and I hate that... It looks bad on my report.
243	adjudicated	0	pleasantville I could, like, kill a guy with these things.
244	adjudicated	2	pleasantville It was amazing, Daph ... I'm like: "Well my Mom'll be out of town." And he's like "Well then, maybe we could-- you know ..." And I'm like "Yeah, sure." And he's like "Well, cool." I know, he's just so smart. I don't know. Maybe that black thing I just got. It is not slutty, Daph, it's cute. Well, "hello?" He's not coming over here to study ... I know. Well I'm jealous of you too sometimes.
245	adjudicated	1	pleasantville I did the slut thing, David. It got kinda old.
246	adjudicated	1	platinum blonde I've met some roughies in my time, but you are without a doubt the lowest excuse for a man I've ever had the misfortune to meet
247	adjudicated	4	pitch black Strong survival instinct. I admire that in a woman.
248	adjudicated	4	pirates of the caribbean dead man's chest One word love: curiosity. You long for freedom. You long to do what you want to do because you want it. To act on selfish impulse. You want to see what it's like. One day you won't be able to resist.
249	adjudicated	2	pirates of the caribbean dead man's chest Jack...? Jack Sparrow? I can honestly say I'm glad to see you.
250	adjudicated	4	pirates of the caribbean dead man's chest My tremendous intuitive sense of the female creature informs me that you are troubled.
251	adjudicated	5	pirates of the caribbean dead man's chest You know, these clothes do not flatter you at all. It should be a dress or nothing. I happen to have no dress in my cabin.
252	adjudicated	1	pirates of the caribbean dead man's chest Damn you, Jack Sparrow...
253	adjudicated	2	pineapple express I wish we could just go nowhere.
254	adjudicated	2	peeping tom Well, he won't be doing the crossword tonight.
255	adjudicated	1	peeping tom I like to understand what I'm shown
256	adjudicated	1	peeping tom Whatever I photograph I always lose.
257	adjudicated	2	peeping tom Take me to your cinema.
258	adjudicated	2	out of sight Alright, now I can say that I fucked a U.S. marshal. Do you think I will?
259	adjudicated	0	out of sight You want to take her to my place, get cleaned up, come out of the bathroom with your aftershave on, and she goes "Oh! I had you all wrong."
260	adjudicated	2	out of sight It was worse than you thought it would be, wasn't it? Yeah, you with the bad boys now, baby.
261	adjudicated	3	orgy of the dead A pussycat is born to be whipped.
262	adjudicated	4	orgy of the dead Torture, torture! It pleasures me!
263	adjudicated	3	obsessed You said you wish we could be together.
264	adjudicated	0	notting hill The more I think about things, the more I see no rhyme or reason in life. no one knows why some things work out and some things don't. Why some of us are lucky and some of us get...
265	adjudicated	3	notting hill How did I look?  Not bad, not bad at all. Well chosen briefs I must say. Chicks dig grey.  Nice. Firm. Buttocks.
266	adjudicated	0	notting hill I knew a girl at school called Pandora. Never got to see her box, though.
267	adjudicated	0	notting hill Just going to the kitchen to get some food, then I'm going to tell you a story that will make your balls shrink to the size of raisins.
268	adjudicated	1	notting hill If I were to employ a wet rag would I have to pay it as much as I pay you?
269	adjudicated	4	notting hill Oh God, this is one of those key moments in life, when it's possible you can be really, genuinely cool - and I'm failing 100%. I absolutely and totally and utterly adore you and I think you're the most beautiful woman in the world and more importantly I genuinely believe and have believed for some time now that we can be best friends. What do YOU think?
270	adjudicated	2	notting hill Would you like something to eat? Something to nibble? Apricots, soaked in honey? Quite why, no one knows, because it stops them tasting like apricots and makes them taste like honey... and if you wanted honey, you could just... buy honey. Instead of apricots. But nevertheless they're yours if you want them.
271	adjudicated	0	never been kissed See ya around the Cell Block, Mrs. Robinson.
272	adjudicated	1	natural born killers Remember the last time you got fucked? What I want you to do is close your eyes, and remember the last time Mickey gave you the high hard one. You thinking about it? Good. Well you can forget it, 'cause it's never gonna happen again. Because when they get through with all the electroshock shit they got lined up for that cocksucker, ol' Mickey ain't gonna be worth a damn.
273	adjudicated	1	my girl 2 Vada, if bullshit wore a bra, you'd be top heavy.
274	adjudicated	1	my best friend's wedding He's got you on a pedestal and me in his arms.
275	adjudicated	1	mumford Oh, she doesn't know about it yet. Right now, out of the two of us, I'm the only one in love. But I'm really stoked!
276	adjudicated	0	mumford I may be young, but Doc, I can tell you that I'm very immature.
277	adjudicated	0	mumford She kept yammering all the time, but her hips were doing all the talking.
278	adjudicated	0	mr deeds goes to town That guy is either the dumbest, stupidest, most imbecilic idiot in the world, or else he's the grandest thing alive. I can't make him out.
279	adjudicated	0	mr brooks Even if that guy was charming and funny, I still wouldn't like him.
280	adjudicated	3	mr blandings builds his dream house You've been taken to the cleaners, and you don't even know your pants are off.
281	adjudicated	2	moonstruck Come upstairs. I don't care why you come. No, that's not what I mean. Loretta, I love you. Not like they told you love is and I didn't know this either. But love don't make things nice, it ruins everything, it breaks your heart, it makes things a mess. We're not here to make things perfect. Snowflakes are perfect. The stars are perfect. Not us. We are here to ruin ourselves and break our hearts and love the wrong people and die! The storybooks are bullshit. Come upstairs with me, baby! Don't try to live your life out to somebody else's idea of sweet happiness. Don't try to live on milk and cookies when what you want is meat! Red meat just like me! It's wolves run with wolves and nothing else! You're a wolf just like me! Come upstairs with me and get in my bed! Come on! Come on! Come on!
282	adjudicated	0	moonstruck This is the most tormented man I have ever known. I'm in love with this man, but he doesn't know that, 'cause I never told him, 'cause he could never love anybody since he lost his hand and his girl.
283	adjudicated	0	moonstruck Pardon me folks. That was just a very attractive mental patient.
284	adjudicated	0	moonstruck Aw, Johnny, 40 years old and she's still runnin' your life!
285	adjudicated	0	moonstruck Now he's going to play that damn Vicki Carr record, and when he comes to bed he won't touch me.
286	adjudicated	1	moonstruck You have such a head for knowing!
287	adjudicated	1	moon Sam, get some sleep. You're very tired.
288	adjudicated	1	moon I hope life on Earth is everything you remember it to be.
289	adjudicated	1	monty python and the holy grail What a strange person.
290	adjudicated	2	monkeybone I left my phone number in your undies. Try not to lose it in traffic.
291	adjudicated	2	mission impossible ii You know, that was the hardest part about having to portray you, grinning like an idiot every fifteen minutes.
292	adjudicated	3	mission impossible Hey, I'm the flavor of the month.
293	adjudicated	1	mission impossible There was never any physical evidence I had anything to do with that... that... that exceptional piece of work.
294	adjudicated	0	misery No, he's not here. I don't know where he is, he never tells me anything any more. Probably out having an affair somewhere.  Oh here he is.  It's Jim Taylor, he wants to know who you're having an affair with.
295	adjudicated	0	mimic You better tell me, what the hell is going on around here?
296	adjudicated	1	milk Gentlemen, Anne Kronenberg - a woman. A woman who likes women, isn't that ususual?
297	adjudicated	3	milk I know you're angry! I'm angry!
298	adjudicated	3	milk How do you teach homosexuality? Is it like French?
299	adjudicated	0	milk I am here tonight to say that we will no longer sit quietly in the closet. We must fight. And not only in the Castro, not only in San Francisco, but everywhere the Anitas go. Anita Bryant did not win tonight, Anita Bryant brought us together! She is going to create a national gay force! And the young people in Jackson Mississippi, in Minnesota, in the Richmond, in Woodmere New York, who are hearing her on television, hearing Anita Bryant telling them on television that they are sick, they are wrong, there is no place in this great country for them, no place in this world, they are looking to us for something tonight, and I say, we have got to give them hope!
300	adjudicated	0	milk You're going to meet the most extraordinary men, the sexiest, brightest, funniest men, and you're going to fall in love with so many of them, and you won't know until the end of your life who your greatest friends were or your greatest love was.
301	adjudicated	1	mighty morphin power rangers the movie Hey, pretty fancy Spansy, I guess if You invest Your Money well in 60 Centuries... You can manage to buy yourself something Nice.
302	adjudicated	2	mighty morphin power rangers the movie Hi, Honey... I'm home!
303	adjudicated	0	midnight express For a nation of pigs, it sures is funny you don't eat'em! Jesus Christ forgave the bastards, but I can't! I hate! I hate you! I hate your nation! And I hate your people! And I fuck your sons and daughters because they're pigs! You're a pig! You're all pigs.
304	adjudicated	1	midnight cowboy The two basic items necessary to sustain life, are sunshine and coconut milk... didya know that?
305	adjudicated	3	midnight cowboy Oh, Joe it's... it's so difficult, I - You're a nice person, Joe, I- I- I should never have asked you up here, you're... You're a lovely person, really. Oh, God, I loathe life, I loathe it! Please go, please.
306	adjudicated	3	midnight cowboy Uh, well, sir, I ain't a f'real cowboy. But I am one helluva stud!
307	adjudicated	4	men in black Get your big butt back in the house!
308	adjudicated	1	men in black Interesting job you boys have...
309	adjudicated	0	memento Beg my wife's forgiveness, before I blow your brains out.
310	adjudicated	2	memento Probably burned truck loads of your stuff before. Can't remember to forget you.
311	adjudicated	1	memento You know, I've had more rewarding friendships than this one. Although I do get to keep telling the same jokes.
312	adjudicated	3	memento You know what? I think I'm gonna use you. I'm telling you now because I'll enjoy it so much more if I know that you could stop me if you weren't such a fucking freak!
313	adjudicated	2	memento Hmmm. I don't feel drunk.
314	adjudicated	2	meet john doe I've seen guys like you before. Guys that never had to worry. Then they get a hold of some dough and go goofy.
315	adjudicated	1	meet john doe Listen, if that guy lays an egg I want to get *something* out of it! I'm getting a Jane Doe ready.
316	adjudicated	0	meet john doe O.K. folks, but remember your manners. No stampeding. Walk slow, like you do when you come to pay your taxes.
317	adjudicated	2	meet joe black Love is passion, obsession, someone you can't live without. I say, fall head over heels. Find someone you can love like crazy and who will love you the same way back. How do you find him? Well, you forget your head, and you listen to your heart. And I'm not hearing any heart. Cause the truth is, honey, there's no sense living your life without this. To make the journey and not fall deeply in love, well, you haven't lived a life at all. But you have to try, cause if you haven't tried, you haven't lived.
318	adjudicated	4	meet joe black Thank you for loving me.
319	adjudicated	1	meet joe black I loved Susan from the moment she was born, and I love her now and every minute in between. And what I dream of is a man who will discover her, and that she will discover a man who will love her, who is worthy of her, who is of this world, this time and has the grace, compassion, and fortitude to walk beside her as she makes her way through this beautiful thing called life.
320	adjudicated	0	meet joe black When I introduce you, and I tell them who you are, I don't think anyone will stay for dinner.
321	adjudicated	1	meet joe black Don't blow smoke up my ass, it will ruin my autopsy.
322	adjudicated	4	meet joe black So tell me Joe... How come a man as attractive, intelligent, well-spoken... diffident in the most seductive way, and yet... powerful... is all alone in this world?
323	adjudicated	5	mash Oh, Frank, my lips are hot. Kiss my hot lips.
324	adjudicated	0	marty Sooner or later, there comes a point in a man's life when he gotta face some facts, and one fact I gotta face is that whatever it is that women like, I ain't got it. I chased enough girls in my life. I went to enough dances. I got hurt enough. I don't wanna get hurt no more. I just called a girl just now, and I got a real brush-off, boy. I figured I was past the point of being hurt, but that hurt. Some stupid woman who I didn't even wanna call up. She gave me the brush. I don't wanna go to the Stardust Ballroom because all that ever happened to me there was girls made me feel like I was a bug. I got feelings, you know. I had enough pain. No, thank you.
325	adjudicated	0	margot at the wedding Well, make sure you can handle rejection. I can't. For me, expectation just turns to disappointment. So, ultimately I'd rather not try. It'll all go black for us soon enough anyway. 
326	adjudicated	1	margot at the wedding I have this theory. I think, historically, women have been held back in so many ways that when they get power like they do behind the wheel, they can't help but abuse it. It's akin to Hannah Arendt's Eichmann theory about prison guards and prisoners switching roles.
327	adjudicated	1	man trouble I look upon a woman as a whole.
328	adjudicated	1	man on the moon Kaufman, did you come here to wrestle or act like an ass?
329	adjudicated	4	man in the iron mask Anne, to love you is treason against France. But not to love you is treason against my heart.
330	adjudicated	5	major league Wild thing, you make my heart sing.
331	adjudicated	1	major league Forget about the curve ball Ricky, give him the heater.
332	adjudicated	1	magnolia Now that I've met you, would you object to never seeing me again?
333	adjudicated	1	made You must be the 'Red Dragon'!
334	adjudicated	4	love & basketball Damn, girl, I didn't know Nike made dresses.
335	adjudicated	4	love & basketball I've been in love with you since I was eleven, and the shit won't go away.
336	adjudicated	2	lost in space Never fear, Smith is here.
337	adjudicated	3	lost horizon Mr. Chang, if you don't mind, I think I'll go on being amazed - in moderation go course...
338	adjudicated	2	lost highway Did you want to talk to me? Did you want to ask me "WHY"?
339	adjudicated	2	lost highway We've met before, haven't we?
340	adjudicated	2	lord of the rings the two towers Bring your pretty face to my axe.
341	adjudicated	1	lord of the rings the two towers I know your face, Eowyn.
342	adjudicated	1	lord of illusions Are you ready for my wisdom?
343	adjudicated	4	lone star If I met you for the first time today, I'd still want to be with you.
344	adjudicated	1	lone star Son, you got a talent for stating the obvious.
345	adjudicated	5	logan's run You're beautiful. Let's have sex.
346	adjudicated	1	lock, stock and two smoking barrels You're not funny, Tom. You're fat, and look as though you should be, but you're not.
347	adjudicated	5	life as a house Do I still Love you? Absolutely. There is not a doubt in my mind. Through all my mind, my ego... I was always faithful in my Love for you. That I made you doubt it, that is the great mistake of a Life full of mistakes. The truth doesn't set us free, Robin. I can tell you I Love you as many times as you can stand to hear it and all that does, the only thing, is remind us... that Love is not enough. Not even close.
348	adjudicated	4	leaving las vegas I'll tell you, right now... I'm in love with you. But, be that as it may, i am not here to force my twisted soul into your life.
349	adjudicated	4	leaving las vegas See how hard you make me, angel?
350	adjudicated	1	kung fu panda I'm not hungry... Master.
351	adjudicated	2	kalifornia I like your hair 'cause it's short.
352	adjudicated	2	jerry maguire You bet on me like I bet on you.
353	adjudicated	3	jerry maguire Don't ever stop fucking me!
354	adjudicated	5	jerry maguire I won't let you get rid of me.
355	adjudicated	1	jay and silent bob strike back Nights like this... I miss dating a lesbian.
356	adjudicated	1	jackie brown What the fuck happened to you, man? Shit, your ass used to be beautiful!
357	adjudicated	2	intolerable cruelty Let me rephrase. Mrs. Rexroth, have you ever been in love?
358	adjudicated	1	indiana jones and the temple of doom You don't believe me, Dr. Jones? You will, Dr. Jones. You will become a true believer.
359	adjudicated	5	i love you phillip morris I love you, Phillip Morris! I love you!
360	adjudicated	5	i love you phillip morris Enough romance. Let's fuck!
361	adjudicated	2	his girl friday Walter, you're wonderful, in a loathsome sort of way.
362	adjudicated	0	highlander endgame Faith, I told you I look like a fucking orange.
363	adjudicated	0	harold and maude Grab the shovel, Harold.
364	adjudicated	3	happy campers Now that we're in the middle of nowhere aren't you curious to know what it'd be like to... look into my eyes?
365	adjudicated	5	happy campers I gave you the ultimate male fantasy. Sex! With nothing on the side. Don't pretend we shared anything other than fluids, Adam.
366	adjudicated	2	happy campers Aah! Spermicidally lubricated.
367	adjudicated	0	halloween the curse of michael myers Oh god Michael, please don't hurt me.
368	adjudicated	5	hackers I hope you don't screw like you type.
369	adjudicated	0	groundhog day Don't mess with me, Porkchop.
370	adjudicated	5	grosse pointe blank You're a handsome devil. What's your name?
371	adjudicated	4	grosse pointe blank Don't tease me, you know what I do for a living.
372	adjudicated	4	gods and monsters Take off your shirt, and I'll tell you all about it.
373	adjudicated	1	go Is it safe to have a radio attached to my balls like this?
374	adjudicated	5	glengarry glen ross You've got a big mouth... now I'm gonna show you an even bigger one.
375	adjudicated	4	get shorty Well, aren't you gonna offer me whatever it is you taste like?
376	adjudicated	1	get carter Take your clothes off.
377	adjudicated	4	get carter I've come for you, Margaret.
378	adjudicated	1	gandhi You're the only man I know who makes his own clothes.
379	adjudicated	4	gandhi There are no goodbyes for us. Wherever you are, you will always be in my heart.
380	adjudicated	2	forrest gump I never thanked you for saving my life.
381	adjudicated	1	forrest gump Hello. My name's Forrest, Forrest Gump. You want a chocolate?
382	adjudicated	2	forrest gump You can sit here if ya want.
383	adjudicated	0	finding nemo Something's wrong with you, really.
384	adjudicated	1	final destination 2 Hello, Clear. I've been expecting you.
385	adjudicated	3	final destination Because of you, I'm still alive.  Thank you.
386	adjudicated	2	fight club It's cheaper than a movie, and there's free coffee.
387	adjudicated	3	fight club Something on your mind, dear?
388	adjudicated	0	ferris bueller's day off Pardon my French, but you're an asshole! Asshole!
389	adjudicated	3	ferris bueller's day off Ferris Bueller, you're my hero.
390	adjudicated	3	fear and loathing in las vegas It's okay. He's just admiring the shape of your skull.
391	adjudicated	3	fatal instinct You really are incredibly stupid, aren't you? I like that in a man.
392	adjudicated	3	fatal instinct What are you gonna do? Blow me away?
393	adjudicated	1	fast times at ridgemont high Aloha. My name is Mr. Hand.
394	adjudicated	2	fast times at ridgemont high I think I just came... didn't you feel it?
395	adjudicated	2	fargo How was everything today?
396	adjudicated	1	fargo Ah, hon, ya got Arby's all over me.
397	adjudicated	2	fantastic mr fox I love you, but I should have never married you.
398	adjudicated	5	fantastic four That's my nose, genius. These are my lips.
399	adjudicated	0	evil dead I'm all right now, Ashley! Come unlock this chain and let me out! I'm all right now! It's your sister Cheryl!
400	adjudicated	3	eternal sunshine of the spotless mind My embarrassing admission is I really like that you're nice, right now.
401	adjudicated	1	eternal sunshine of the spotless mind You don't tell me things, Joel. I'm an open book. I tell you everything, every damn, embarrassing thing.
402	adjudicated	1	eternal sunshine of the spotless mind Sorry, I'm just... trying to be nice.
403	adjudicated	4	eternal sunshine of the spotless mind I would like you to call me. Would you do that? I'd like it.
404	adjudicated	2	elizabeth the golden age I have never known a woman like you.
405	adjudicated	3	election You gonna do it? Come on. Fill me up! Come on! Fill me up! Yeah! Good job!
406	adjudicated	5	dune You are SO beautiful, my Baron. Your skin, love to me. Your diseases lovingly cared for, for all eternity.
407	adjudicated	0	do the right thing Extra Cheese is two dollars.
408	adjudicated	1	demolition man Why don't you just shove a leash up my ass?
409	adjudicated	3	deception Are you free tonight?
410	adjudicated	3	cruel intentions I hate it when things don't go my way. It makes me so horny.
411	adjudicated	3	coraline I wanna hug yo' face!
412	adjudicated	1	constantine Hey, buddy, got a light?
413	adjudicated	2	confessions of a dangerous mind Very good Chuck. I am pleasantly surprised, you're not like the other murderers.
414	adjudicated	2	cold mountain I'm wetter than a fish.
415	adjudicated	3	clerks I'm offering you my body and you're offering me semantics.
416	adjudicated	4	chinatown You've got a nasty reputation, Mr. Gittes. I like that.
417	adjudicated	5	casino Can you feel my eyes on you? Can you feel me look into your heart? Can you feel me in the pit of your stomach? Can you feel me in you? In your heart?
418	adjudicated	0	casino What are you staring at you bald-headed Jew prick?
419	adjudicated	1	casablanca Louis, I think this is the beginning of a beautiful friendship.
420	adjudicated	1	capote We're not so different as you might think.
421	adjudicated	0	cable guy Quickly, muster atop your steed. Buddy, get on the friggin' horse. I don't think he's kidding.
422	adjudicated	1	cable guy I just wanna hang out. NO BIG DEAL!
423	adjudicated	3	cable guy Free cable is the ultimate aphrodisiac.
424	adjudicated	3	burlesque You didn't tell me you could sing like that!
425	adjudicated	0	brazil Where'd you get this from, eh? Out yer nostril?
426	adjudicated	4	braveheart I hope you've washed your ass this morning, it's about to be kissed by a king.
427	adjudicated	1	bound Hold the elevator. Thanks.
428	adjudicated	3	bound I have this image of you - inside of me - like a part of me.
429	adjudicated	4	bonnie and clyde Hell, you might just be the best damn girl in Texas.
430	adjudicated	5	blue velvet Let's fuck! I'll fuck anything that moves!
431	adjudicated	2	black snake moan God put you in my path and I aim to cure you of your wicked ways.
432	adjudicated	5	big fish Sandra Templeton, I love you and I WILL marry you.
433	adjudicated	2	big fish I know better than to argue romance with a French woman.
434	adjudicated	2	batman returns I don't know about you, Miss Kitty, but I feel so much yummier.
435	adjudicated	1	barton fink Okay Fink, let's chow.
436	adjudicated	0	badlands Suppose I shot you. How'd that be?
437	adjudicated	1	bad santa I'm not your fucking Da-Da.
438	adjudicated	0	bad day at black rock Tim, you've got the body of a hippo but the brain of a rabbit; now don't overtax it.
439	adjudicated	1	bad day at black rock Sure you don't want some lemonade? It don't have the muzzle velocity of some other drinks drunk around here, but it's good for what ails you.
440	adjudicated	3	back to the future I've never seen purple underwear before!
441	adjudicated	1	avatar All I ever wanted was a single thing worth fighting for.
442	adjudicated	5	austin powers: international man of mystery Do I make you horny? Randy? Do I make you horny, baby, yeah, do I?
443	adjudicated	5	austin powers: international man of mystery Shall we shag now, or shall we shag later? How do you like to do it? Do you like to wash up first? You know, top and tails... whore's bath? Personally, before I'm on the job, I like to give my undercarriage a bit of a 'how's your father'!
444	adjudicated	5	austin powers: international man of mystery Does that make you HORNY?
445	adjudicated	2	an officer and a gentleman Way to go, Paula! Way to go!
446	adjudicated	0	an american werewolf in london Beware the moon, David.
447	adjudicated	0	an american werewolf in london Can I have a piece of toast?
448	adjudicated	1	american psycho I like to dissect girls. Did you know I'm utterly insane?
449	adjudicated	1	american psycho Your compliment was sufficient, Luis.
450	adjudicated	1	american psycho That's a very fine chardonnay you're drinking. I want you to clean your vagina.
451	adjudicated	3	american psycho I don't want to get you drunk, but, ah, that's a very fine Chardonnay you're not drinking.
452	adjudicated	5	american pie I'm a sophisticated sex robot, sent back in time to change the future for one lucky lady.
453	adjudicated	2	american pie Now, do you know what a clitoris is?
454	adjudicated	3	american outlaws You got big. I mean, you aged. What I mean is in a good way you got big and older.
455	adjudicated	0	american history x Derek, what are you trying to prove?
456	adjudicated	1	american graffiti Hey, have a popsicle. The ice box just broke down, and they're melting all over the place. You want one?
457	adjudicated	0	american graffiti Is that you in that beautiful car? Geez, what a waste of machinery!
458	adjudicated	2	american graffiti Little kiss on your ear. Goodnight, sweetheart. I'll see you later.
459	adjudicated	2	american graffiti Peel out, I just love it when guys peel out.
460	adjudicated	0	american graffiti I don't care if you leave this second!
461	adjudicated	3	american graffiti You know, what, Terry. I had a pretty good time tonight.
462	adjudicated	2	american beauty I didn't mean to scare you. I just think you're interesting.
463	adjudicated	5	american beauty I can't believe you don't know how beautiful you are.
464	adjudicated	3	amadeus Looks don't concern me, Maestro. Only talent interests a woman of taste.
465	adjudicated	1	amadeus Forgive me, Majesty. I am a vulgar man! But I assure you, my music is not.
466	adjudicated	2	all about eve I'll never forget this night as long as I live, and I'll never forget you for making it possible.
467	adjudicated	0	alien resurrection Hey Christie, do me a favour. When we hit the surface on the other side, no backstroke, okay!
468	adjudicated	2	alien resurrection You're a thing, a construct. They grew you in a fucking lab.
469	adjudicated	0	alien resurrection Don't ever touch me!  Ever!
470	adjudicated	4	alien resurrection You are... a beautiful, beautiful, butterfly.
471	adjudicated	4	aladdin You're speechless, I see. A fine quality in a wife.
472	adjudicated	0	airplane Where did you get that dress, it's awful, and those shoes and that coat, jeeeeez!
473	adjudicated	1	airplane I just want to tell you both good luck. We're all counting on you.
474	adjudicated	3	affliction Christ Sally! You are such a good person. Capital G! By God you are... you are so much better than I am. I am no goddamn good at all. And you... you are truly a good person. Like a fucking saint!
475	adjudicated	0	ace ventura pet detective Be careful with that phone, Lieutenant. In time you could develop a tumour.
476	adjudicated	3	absolute power So, do you want my signed confession now, or after coffee?
477	adjudicated	4	a nightmare on elm street part 2: freddy's revenge Kill me, Lisa. Please kill me... I love you, Lisa.
478	adjudicated	5	a nightmare on elm street 4: the dream master Oh, hi, handsome. Care for some buns?
479	adjudicated	4	a nightmare on elm street 3: dream warriors Do you like my body, Joey?
480	adjudicated	4	a nightmare on elm street I'm your boyfriend now, Nancy.
481	adjudicated	0	a nightmare on elm street I'm going to punch out your ugly lights, whoever you are!
482	adjudicated	2	a few good men What do you wanna discuss now? My favorite color?
483	adjudicated	0	a clockwork orange Excuse me, Mrs. Can you please help? There's been a terrible accident! My friend's in the middle of the road bleeding to death! Can I please use your telephone for an ambulance?
484	adjudicated	1	a clockwork orange Naughty, naughty, naughty! You filthy old soomka!
485	adjudicated	0	a clockwork orange Shut your filthy hole, you scum!
486	adjudicated	2	a clockwork orange Hi, hi, hi there! At last we meet. Our brief govoreet through the letter-hole was not, shall we say, satisfactory, yes?
487	adjudicated	1	a clockwork orange Are you now, or have you ever been a homosexual?
488	adjudicated	2	a clockwork orange Welly, welly, welly, welly, welly, welly, well. To what do I owe the extreme pleasure of this surprising visit?
489	adjudicated	2	a clockwork orange Enjoying that are you my darlin'? Bit cold and pointless isn't it my lovely? What's happened to yours my little sister? 5906 Enjoying it then, my darling?... A bit cold and pointless isn't it, my lovely... What's happened to yours, my little sister? Marty giggles.
490	adjudicated	0	15 minutes I can kill you - I'm insane.
491	adjudicated	0	10 things i hate about you Oh wait... was that... did your hairline just recede?
492	adjudicated	1	10 things i hate about you You're not as vile as I thought you were.
493	adjudicated	1	10 things i hate about you Leave it to you to use big words when you're smashed.
494	adjudicated	3	10 things i hate about you You're asking me out? That's so cute! What's your name again?
495	adjudicated	2	10 things i hate about you Just 'cause you're beautiful, that doesn't mean that you can treat people like they don't matter.
496	adjudicated	0	10 things i hate about you Ooh, see that, there. Who needs affection when I have blind hatred?
497	adjudicated	1	10 things i hate about you You're 18, you don't know what you want. And you won't know what you want 'til you're 45, and even if you get it, you'll be too old to use it.
498	adjudicated	5	10 things i hate about you I was watching you out there, before. I've never seen you look so sexy.
499	adjudicated	0	10 things i hate about you Who knocked up your sister?
500	adjudicated	5	The Breakfast Club You're pretty sexy when you get angry...grrr!